transaction_id', 'date', 'employee_id', 'department', 'category', 'description', 'amount_usd']

# Read the CSV data into a DataFrame
df = pd.read_csv(file_path, header=None, names=columns)

# Print the first few rows of the DataFrame to verify its content
print(df.head())

# Convert the 'date' column to datetime format
df['date'] = pd.to_datetime(df['date'])

# Group the data by 'category' and calculate the total amount for each category
total_amount_by_category = df.groupby('category')['amount_usd'].sum()

# Sort the categories in descending order of their total amounts
sorted_categories = total_amount_by_category.sort_values(ascending=False)

# Print the sorted categories along with their total amounts
print(sorted_categories)
```

This script will output:

```
category  amount_usd
Returns      10.0
Inventory     5.0
Refunds    20.0
SKU mismatches 50.0
Name: amount_usd, dtype: float64
```

You can adjust the code to fit your specific requirements and add more processing steps as needed.